-- phpMyAdmin SQL Dump
-- version 5.2.1
-- https://www.phpmyadmin.net/
--
-- Host: localhost
-- Generation Time: May 26, 2024 at 03:47 PM
-- Server version: 8.0.36-0ubuntu0.22.04.1
-- PHP Version: 8.1.2-1ubuntu2.17

SET SQL_MODE = "NO_AUTO_VALUE_ON_ZERO";
START TRANSACTION;
SET time_zone = "+00:00";


/*!40101 SET @OLD_CHARACTER_SET_CLIENT=@@CHARACTER_SET_CLIENT */;
/*!40101 SET @OLD_CHARACTER_SET_RESULTS=@@CHARACTER_SET_RESULTS */;
/*!40101 SET @OLD_COLLATION_CONNECTION=@@COLLATION_CONNECTION */;
/*!40101 SET NAMES utf8mb4 */;

--
-- Database: `wad_school`
--

-- --------------------------------------------------------

--
-- Table structure for table `batches`
--

CREATE TABLE `batches` (
  `id` bigint UNSIGNED NOT NULL,
  `name` varchar(20) CHARACTER SET utf8mb4 COLLATE utf8mb4_unicode_ci NOT NULL,
  `course_id` bigint NOT NULL,
  `start_date` date NOT NULL,
  `start_time` time NOT NULL,
  `end_time` time NOT NULL,
  `is_register_open` tinyint(1) NOT NULL,
  `student_limit` int NOT NULL DEFAULT '20',
  `created_at` timestamp NULL DEFAULT CURRENT_TIMESTAMP,
  `updated_at` timestamp NULL DEFAULT CURRENT_TIMESTAMP
) ENGINE=InnoDB DEFAULT CHARSET=utf8mb4 COLLATE=utf8mb4_unicode_ci;

--
-- Dumping data for table `batches`
--

INSERT INTO `batches` (`id`, `name`, `course_id`, `start_date`, `start_time`, `end_time`, `is_register_open`, `student_limit`, `created_at`, `updated_at`) VALUES
(1, 'SWD JAN 2024', 3, '2024-01-27', '15:00:00', '17:00:00', 0, 45, '2024-03-19 03:33:17', '2024-03-19 03:33:17'),
(2, 'WAD FEB 2024', 4, '2024-02-07', '13:00:00', '15:00:00', 0, 30, '2024-03-19 03:33:17', '2024-03-19 03:33:17'),
(3, 'SWD MAR 2024', 3, '2024-03-23', '13:00:00', '15:00:00', 1, 70, '2024-03-19 03:33:17', '2024-03-19 03:33:17'),
(5, 'SWD May 2024', 1, '2024-05-17', '14:41:00', '16:41:00', 1, 20, '2024-05-17 08:11:56', '2024-05-17 08:11:56'),
(6, 'Cpanel May 2024', 12, '2024-05-19', '19:30:00', '21:30:00', 1, 35, '2024-05-19 12:51:44', '2024-05-19 12:51:44'),
(9, 'PUD May 2024', 5, '2024-05-26', '19:45:00', '21:45:00', 1, 15, '2024-05-26 13:12:07', '2024-05-26 13:12:07'),
(10, 'WDF June 2024', 1, '2024-06-03', '10:00:00', '12:00:00', 1, 30, '2024-05-26 13:14:35', '2024-05-26 13:14:35');

-- --------------------------------------------------------

--
-- Table structure for table `courses`
--

CREATE TABLE `courses` (
  `id` bigint UNSIGNED NOT NULL,
  `title` varchar(50) CHARACTER SET utf8mb4 COLLATE utf8mb4_unicode_ci NOT NULL,
  `short` varchar(10) CHARACTER SET utf8mb4 COLLATE utf8mb4_unicode_ci NOT NULL,
  `fee` int NOT NULL,
  `created_at` timestamp NULL DEFAULT CURRENT_TIMESTAMP,
  `updated_at` timestamp NULL DEFAULT CURRENT_TIMESTAMP
) ENGINE=InnoDB DEFAULT CHARSET=utf8mb4 COLLATE=utf8mb4_unicode_ci;

--
-- Dumping data for table `courses`
--

INSERT INTO `courses` (`id`, `title`, `short`, `fee`, `created_at`, `updated_at`) VALUES
(1, 'Web Development Foundation', 'WDF', 1000, '2024-03-19 03:33:17', '2024-03-19 03:33:17'),
(2, 'Basic UI Design', 'BUD', 80000, '2024-03-19 03:33:17', '2024-03-19 03:33:17'),
(3, 'Special Web Design', 'SWD', 300000, '2024-03-19 03:33:17', '2024-03-19 03:33:17'),
(4, 'Web Application Development', 'WAD', 300000, '2024-03-19 03:33:17', '2024-03-19 03:33:17'),
(5, 'Premium UI Design', 'PUD', 300000, '2024-03-19 03:33:17', '2024-03-19 03:33:17'),
(11, 'MMSIT Ubuntu class', 'MUC', 0, '2024-05-07 15:42:05', '2024-05-07 15:42:05'),
(12, 'MMS IT Cpanel', 'MIC ', 0, '2024-05-07 15:43:16', '2024-05-07 15:43:16');

-- --------------------------------------------------------

--
-- Table structure for table `enrollments`
--

CREATE TABLE `enrollments` (
  `id` bigint UNSIGNED NOT NULL,
  `student_id` bigint NOT NULL,
  `batch_id` bigint NOT NULL,
  `created_at` timestamp NULL DEFAULT CURRENT_TIMESTAMP,
  `updated_at` timestamp NULL DEFAULT CURRENT_TIMESTAMP
) ENGINE=InnoDB DEFAULT CHARSET=utf8mb4 COLLATE=utf8mb4_unicode_ci;

--
-- Dumping data for table `enrollments`
--

INSERT INTO `enrollments` (`id`, `student_id`, `batch_id`, `created_at`, `updated_at`) VALUES
(1, 6, 3, '2024-05-26 13:09:25', '2024-05-26 13:09:25'),
(2, 8, 6, '2024-05-26 13:09:32', '2024-05-26 13:09:32'),
(3, 9, 2, '2024-05-26 13:09:43', '2024-05-26 13:09:43'),
(4, 6, 10, '2024-05-26 15:30:36', '2024-05-26 15:30:36');

-- --------------------------------------------------------

--
-- Table structure for table `gender`
--

CREATE TABLE `gender` (
  `id` int NOT NULL,
  `type` varchar(10) COLLATE utf8mb4_unicode_ci NOT NULL
) ENGINE=InnoDB DEFAULT CHARSET=utf8mb4 COLLATE=utf8mb4_unicode_ci;

--
-- Dumping data for table `gender`
--

INSERT INTO `gender` (`id`, `type`) VALUES
(1, 'male'),
(2, 'female'),
(3, 'gay'),
(4, 'tomboy');

-- --------------------------------------------------------

--
-- Table structure for table `modules`
--

CREATE TABLE `modules` (
  `id` int NOT NULL,
  `name` varchar(20) COLLATE utf8mb4_unicode_ci NOT NULL,
  `course_id` int NOT NULL,
  `created_at` timestamp NOT NULL DEFAULT CURRENT_TIMESTAMP
) ENGINE=InnoDB DEFAULT CHARSET=utf8mb4 COLLATE=utf8mb4_unicode_ci;

--
-- Dumping data for table `modules`
--

INSERT INTO `modules` (`id`, `name`, `course_id`, `created_at`) VALUES
(1, 'HTML', 1, '2024-04-23 06:04:47'),
(2, 'CSS', 1, '2024-04-23 06:04:47'),
(3, 'JS Basic', 1, '2024-04-23 06:05:08'),
(4, 'Figma', 2, '2024-04-23 06:05:08'),
(5, 'UI/UX Intro', 2, '2024-04-23 06:05:34'),
(6, 'React', 3, '2024-04-23 06:05:34'),
(7, 'Laraval', 4, '2024-04-23 06:06:00'),
(8, 'OOP', 4, '2024-04-23 06:06:00'),
(9, 'RTK', 3, '2024-04-23 06:06:31'),
(10, 'Design Principles', 2, '2024-04-23 06:06:31'),
(11, 'PHP', 4, '2024-04-23 06:07:29'),
(12, 'Ubuntu Intro', 8, '2024-04-23 06:43:14'),
(13, 'Data Analyst', 10, '2024-04-23 06:43:14');

-- --------------------------------------------------------

--
-- Table structure for table `nationality`
--

CREATE TABLE `nationality` (
  `id` int NOT NULL,
  `nation` varchar(50) COLLATE utf8mb4_unicode_ci NOT NULL,
  `nation_code` varchar(5) COLLATE utf8mb4_unicode_ci NOT NULL
) ENGINE=InnoDB DEFAULT CHARSET=utf8mb4 COLLATE=utf8mb4_unicode_ci;

--
-- Dumping data for table `nationality`
--

INSERT INTO `nationality` (`id`, `nation`, `nation_code`) VALUES
(1, 'Myanmar', 'mm'),
(2, 'Thailand', 'th'),
(3, 'Singapore', 'sg'),
(4, 'Japan', 'jp'),
(5, 'Germany', 'gm'),
(6, 'Norway', 'nw');

-- --------------------------------------------------------

--
-- Table structure for table `students`
--

CREATE TABLE `students` (
  `id` bigint UNSIGNED NOT NULL,
  `name` varchar(255) CHARACTER SET utf8mb4 COLLATE utf8mb4_unicode_ci NOT NULL,
  `date_of_birth` date NOT NULL,
  `gender_id` int NOT NULL,
  `nationality_id` int NOT NULL,
  `pocket_money` int NOT NULL,
  `created_at` timestamp NULL DEFAULT NULL,
  `updated_at` timestamp NULL DEFAULT NULL
) ENGINE=InnoDB DEFAULT CHARSET=utf8mb4 COLLATE=utf8mb4_unicode_ci;

--
-- Dumping data for table `students`
--

INSERT INTO `students` (`id`, `name`, `date_of_birth`, `gender_id`, `nationality_id`, `pocket_money`, `created_at`, `updated_at`) VALUES
(1, 'Willard Leuschke', '2005-09-03', 1, 5, 885, '2024-03-19 03:33:17', '2024-03-19 03:33:17'),
(2, 'Bartholome Langosh', '2010-03-04', 1, 6, 151, '2024-03-19 03:33:17', '2024-03-19 03:33:17'),
(3, 'Gwendolyn Pagac', '2013-08-05', 2, 2, 981, '2024-03-19 03:33:17', '2024-03-19 03:33:17'),
(4, 'Ottis Predovic', '2008-07-05', 2, 5, 855, '2024-03-19 03:33:17', '2024-03-19 03:33:17'),
(5, 'Keanu Lubowitz', '2012-12-15', 2, 5, 812, '2024-03-19 03:33:17', '2024-03-19 03:33:17'),
(6, 'Gaston Borer', '2004-05-31', 2, 2, 485, '2024-03-19 03:33:17', '2024-03-19 03:33:17'),
(7, 'Terrill Cronin IV', '2011-09-26', 4, 2, 728, '2024-03-19 03:33:17', '2024-03-19 03:33:17'),
(8, 'Ophelia Walker', '2006-03-22', 2, 5, 626, '2024-03-19 03:33:17', '2024-03-19 03:33:17'),
(9, 'Ryleigh Schiller', '2013-10-22', 1, 5, 371, '2024-03-19 03:33:17', '2024-03-19 03:33:17'),
(10, 'Gerardo Kertzmann', '2007-12-22', 1, 6, 265, '2024-03-19 03:33:17', '2024-03-19 03:33:17'),
(11, 'Erwin O\'Keefe IV', '2008-11-19', 2, 6, 646, '2024-03-19 03:33:17', '2024-03-19 03:33:17'),
(12, 'Dr. Javier Douglas', '2011-03-13', 1, 2, 495, '2024-03-19 03:33:17', '2024-03-19 03:33:17'),
(13, 'Dr. Alfredo Boehm', '2008-04-19', 2, 1, 418, '2024-03-19 03:33:17', '2024-03-19 03:33:17'),
(14, 'Mr. Tyshawn Runolfsson III', '2007-11-20', 1, 4, 402, '2024-03-19 03:33:17', '2024-03-19 03:33:17'),
(15, 'Pearl Langworth', '2010-11-21', 3, 6, 501, '2024-03-19 03:33:17', '2024-03-19 03:33:17'),
(16, 'Gerry Nicolas IV', '2008-06-08', 4, 4, 868, '2024-03-19 03:33:17', '2024-03-19 03:33:17'),
(17, 'Selina Homenick', '2012-02-26', 4, 2, 465, '2024-03-19 03:33:17', '2024-03-19 03:33:17'),
(18, 'Mrs. Carlee Bergstrom', '2006-12-21', 4, 2, 307, '2024-03-19 03:33:17', '2024-03-19 03:33:17'),
(19, 'Kane Crona I', '2010-04-21', 2, 4, 998, '2024-03-19 03:33:17', '2024-03-19 03:33:17'),
(20, 'Rosemary Paucek', '2006-06-04', 3, 6, 649, '2024-03-19 03:33:17', '2024-03-19 03:33:17'),
(21, 'Gerard Fritsch', '2006-03-11', 2, 6, 851, '2024-03-19 03:33:17', '2024-03-19 03:33:17'),
(22, 'Hosea Schamberger', '2009-02-25', 1, 1, 715, '2024-03-19 03:33:17', '2024-03-19 03:33:17'),
(23, 'Dr. Friedrich Christiansen Sr.', '2007-06-12', 3, 3, 759, '2024-03-19 03:33:17', '2024-03-19 03:33:17'),
(24, 'Kirstin Dickens', '2013-03-23', 3, 1, 720, '2024-03-19 03:33:17', '2024-03-19 03:33:17'),
(25, 'Savanna Konopelski', '2010-12-26', 3, 3, 375, '2024-03-19 03:33:17', '2024-03-19 03:33:17'),
(26, 'Jacky Donnelly', '2007-11-07', 3, 2, 252, '2024-03-19 03:33:17', '2024-03-19 03:33:17'),
(27, 'Maya Pouros', '2005-07-12', 3, 4, 654, '2024-03-19 03:33:17', '2024-03-19 03:33:17'),
(28, 'Earlene Wintheiser', '2013-04-04', 1, 6, 134, '2024-03-19 03:33:17', '2024-03-19 03:33:17'),
(29, 'Keely Hansen', '2012-05-26', 2, 5, 786, '2024-03-19 03:33:17', '2024-03-19 03:33:17'),
(30, 'Ms. Abbie Leannon', '2008-10-03', 1, 6, 690, '2024-03-19 03:33:17', '2024-03-19 03:33:17'),
(31, 'Prof. Brook Mills III', '2011-03-31', 2, 3, 793, '2024-03-19 03:33:17', '2024-03-19 03:33:17'),
(32, 'Dr. Effie Stoltenberg II', '2010-03-19', 1, 4, 670, '2024-03-19 03:33:17', '2024-03-19 03:33:17'),
(33, 'Samanta Ferry', '2011-01-27', 4, 4, 730, '2024-03-19 03:33:17', '2024-03-19 03:33:17'),
(34, 'Prof. Amari Stanton', '2012-04-09', 2, 6, 253, '2024-03-19 03:33:17', '2024-03-19 03:33:17'),
(35, 'Doug Lowe MD', '2012-04-17', 3, 1, 362, '2024-03-19 03:33:17', '2024-03-19 03:33:17'),
(36, 'Ewell Ortiz II', '2009-03-17', 1, 3, 448, '2024-03-19 03:33:17', '2024-03-19 03:33:17'),
(37, 'Theodore Treutel IV', '2013-11-07', 4, 1, 716, '2024-03-19 03:33:17', '2024-03-19 03:33:17'),
(38, 'Litzy Bradtke', '2012-10-14', 2, 6, 509, '2024-03-19 03:33:17', '2024-03-19 03:33:17'),
(39, 'Ada Rohan', '2007-08-03', 4, 2, 543, '2024-03-19 03:33:17', '2024-03-19 03:33:17'),
(40, 'Niko Sauer', '2005-02-05', 1, 3, 144, '2024-03-19 03:33:17', '2024-03-19 03:33:17'),
(41, 'Mr. Ferne McCullough V', '2012-08-15', 4, 2, 874, '2024-03-19 03:33:17', '2024-03-19 03:33:17'),
(42, 'Noble Bins', '2006-11-06', 4, 2, 278, '2024-03-19 03:33:17', '2024-03-19 03:33:17'),
(43, 'Merle Pfannerstill DVM', '2011-03-06', 3, 2, 324, '2024-03-19 03:33:17', '2024-03-19 03:33:17'),
(44, 'Prof. Mariela Adams IV', '2007-11-22', 2, 5, 398, '2024-03-19 03:33:17', '2024-03-19 03:33:17'),
(45, 'Prof. Neha Moen Jr.', '2006-07-22', 3, 4, 517, '2024-03-19 03:33:17', '2024-03-19 03:33:17'),
(46, 'Cathryn Kassulke', '2012-04-26', 1, 1, 420, '2024-03-19 03:33:17', '2024-03-19 03:33:17'),
(47, 'Mrs. Era Blanda', '2011-04-19', 4, 2, 781, '2024-03-19 03:33:17', '2024-03-19 03:33:17'),
(48, 'Mr. Cornell Kemmer', '2009-05-02', 4, 3, 734, '2024-03-19 03:33:17', '2024-03-19 03:33:17'),
(49, 'Jayden Adams', '2005-05-23', 1, 2, 720, '2024-03-19 03:33:17', '2024-03-19 03:33:17'),
(50, 'Mrs. Allison Kerluke Sr.', '2012-05-25', 4, 2, 350, '2024-03-19 03:33:17', '2024-03-19 03:33:17'),
(51, 'Prof. Melisa Auer', '2007-09-16', 1, 2, 370, '2024-03-19 03:33:17', '2024-03-19 03:33:17'),
(52, 'Velma Bartell', '2009-05-24', 1, 3, 337, '2024-03-19 03:33:17', '2024-03-19 03:33:17'),
(53, 'Cayla Predovic', '2005-06-01', 2, 3, 164, '2024-03-19 03:33:17', '2024-03-19 03:33:17'),
(54, 'Augustine Haley', '2010-06-05', 1, 5, 856, '2024-03-19 03:33:17', '2024-03-19 03:33:17'),
(55, 'Jakob McLaughlin', '2011-06-07', 3, 2, 810, '2024-03-19 03:33:17', '2024-03-19 03:33:17'),
(56, 'Gerardo Dietrich I', '2010-11-14', 1, 2, 822, '2024-03-19 03:33:17', '2024-03-19 03:33:17'),
(57, 'Sallie Bechtelar DVM', '2010-12-09', 2, 2, 745, '2024-03-19 03:33:17', '2024-03-19 03:33:17'),
(58, 'Ms. Rachelle Metz', '2013-01-03', 2, 5, 264, '2024-03-19 03:33:17', '2024-03-19 03:33:17'),
(59, 'Tony Okuneva', '2012-01-21', 1, 5, 226, '2024-03-19 03:33:17', '2024-03-19 03:33:17'),
(60, 'Tony Hermiston', '2014-02-15', 4, 5, 877, '2024-03-19 03:33:17', '2024-03-19 03:33:17'),
(61, 'Cesar Kirlin', '2008-01-10', 3, 4, 202, '2024-03-19 03:33:17', '2024-03-19 03:33:17'),
(62, 'Constance McGlynn', '2013-08-12', 1, 3, 307, '2024-03-19 03:33:17', '2024-03-19 03:33:17'),
(63, 'Prof. Enrico Cole IV', '2009-07-24', 2, 4, 689, '2024-03-19 03:33:17', '2024-03-19 03:33:17'),
(64, 'Erika Crona', '2004-09-06', 2, 4, 902, '2024-03-19 03:33:17', '2024-03-19 03:33:17'),
(65, 'Rosalia Beatty', '2004-10-27', 1, 6, 399, '2024-03-19 03:33:17', '2024-03-19 03:33:17'),
(66, 'Clinton Huels Jr.', '2012-10-01', 1, 6, 483, '2024-03-19 03:33:17', '2024-03-19 03:33:17'),
(67, 'Lance Raynor V', '2006-03-01', 2, 6, 597, '2024-03-19 03:33:17', '2024-03-19 03:33:17'),
(68, 'Miss Agnes Christiansen', '2008-02-22', 3, 3, 443, '2024-03-19 03:33:17', '2024-03-19 03:33:17'),
(69, 'Elaina Grant', '2005-09-04', 3, 5, 155, '2024-03-19 03:33:17', '2024-03-19 03:33:17'),
(70, 'Prof. Tommie Wolf V', '2012-11-17', 4, 5, 988, '2024-03-19 03:33:17', '2024-03-19 03:33:17'),
(71, 'Maryam Gleason MD', '2012-01-05', 1, 1, 391, '2024-03-19 03:33:17', '2024-03-19 03:33:17'),
(72, 'Camille Hansen', '2013-03-09', 2, 1, 349, '2024-03-19 03:33:17', '2024-03-19 03:33:17'),
(73, 'Anabelle Walsh II', '2008-01-25', 2, 1, 173, '2024-03-19 03:33:17', '2024-03-19 03:33:17'),
(74, 'Maryjane Larkin', '2011-07-25', 4, 1, 645, '2024-03-19 03:33:17', '2024-03-19 03:33:17'),
(75, 'Estelle Glover', '2004-06-07', 3, 2, 840, '2024-03-19 03:33:17', '2024-03-19 03:33:17'),
(76, 'Jennifer Wehner', '2005-04-17', 3, 5, 546, '2024-03-19 03:33:17', '2024-03-19 03:33:17'),
(77, 'Miss Kailee Langworth', '2014-03-13', 3, 1, 619, '2024-03-19 03:33:17', '2024-03-19 03:33:17'),
(78, 'Velma Prosacco DVM', '2004-07-16', 1, 2, 434, '2024-03-19 03:33:17', '2024-03-19 03:33:17'),
(79, 'Lina Harber', '2013-11-08', 3, 1, 938, '2024-03-19 03:33:17', '2024-03-19 03:33:17'),
(80, 'Vada Auer', '2009-05-02', 2, 5, 656, '2024-03-19 03:33:17', '2024-03-19 03:33:17'),
(81, 'Margie Pfeffer Jr.', '2007-09-25', 3, 1, 483, '2024-03-19 03:33:17', '2024-03-19 03:33:17'),
(82, 'Prof. Damaris Bartoletti Jr.', '2010-05-29', 2, 5, 995, '2024-03-19 03:33:17', '2024-03-19 03:33:17'),
(83, 'Dorothea Heller', '2013-01-09', 2, 1, 109, '2024-03-19 03:33:17', '2024-03-19 03:33:17'),
(84, 'Giovanni Kohler', '2012-07-05', 1, 1, 480, '2024-03-19 03:33:17', '2024-03-19 03:33:17'),
(85, 'Ms. Margaretta Mraz Jr.', '2012-08-17', 3, 3, 589, '2024-03-19 03:33:17', '2024-03-19 03:33:17'),
(86, 'Prof. Walter Corkery PhD', '2010-08-02', 2, 5, 838, '2024-03-19 03:33:17', '2024-03-19 03:33:17'),
(87, 'Osvaldo Feest', '2008-05-12', 4, 2, 128, '2024-03-19 03:33:17', '2024-03-19 03:33:17'),
(88, 'Gladys Quitzon', '2006-06-07', 2, 3, 804, '2024-03-19 03:33:17', '2024-03-19 03:33:17'),
(89, 'Imelda Brown', '2006-07-14', 3, 6, 941, '2024-03-19 03:33:17', '2024-03-19 03:33:17'),
(90, 'Cierra Reynolds', '2007-08-14', 2, 2, 157, '2024-03-19 03:33:17', '2024-03-19 03:33:17'),
(91, 'Alda Thiel MD', '2009-01-08', 2, 6, 973, '2024-03-19 03:33:17', '2024-03-19 03:33:17'),
(92, 'Elian Block', '2007-09-10', 2, 3, 845, '2024-03-19 03:33:17', '2024-03-19 03:33:17'),
(93, 'Ismael Runte', '2013-05-11', 1, 2, 748, '2024-03-19 03:33:17', '2024-03-19 03:33:17'),
(94, 'Leonardo Kuphal', '2013-09-30', 4, 2, 306, '2024-03-19 03:33:17', '2024-03-19 03:33:17'),
(95, 'Anika Funk', '2012-09-01', 3, 3, 361, '2024-03-19 03:33:17', '2024-03-19 03:33:17'),
(96, 'Adela Gerhold', '2007-12-14', 1, 5, 473, '2024-03-19 03:33:17', '2024-03-19 03:33:17'),
(97, 'Mr. Ike Sanford Jr.', '2004-09-29', 3, 1, 790, '2024-03-19 03:33:17', '2024-03-19 03:33:17'),
(98, 'Ms. Madisyn Bednar', '2013-04-03', 3, 2, 687, '2024-03-19 03:33:17', '2024-03-19 03:33:17'),
(99, 'Nettie Renner', '2006-06-13', 2, 4, 357, '2024-03-19 03:33:17', '2024-03-19 03:33:17'),
(100, 'Prof. Eldora Gleichner', '2005-02-25', 3, 5, 605, '2024-03-19 03:33:17', '2024-03-19 03:33:17'),
(101, 'Alberto Hegmann', '2010-03-17', 4, 1, 664, '2024-03-19 03:33:17', '2024-03-19 03:33:17'),
(102, 'Amber Kohler', '2012-01-31', 2, 6, 235, '2024-03-19 03:33:17', '2024-03-19 03:33:17'),
(103, 'Keon Ruecker', '2009-05-20', 3, 2, 727, '2024-03-19 03:33:17', '2024-03-19 03:33:17'),
(104, 'Mrs. Claire Olson', '2012-01-10', 3, 4, 472, '2024-03-19 03:33:17', '2024-03-19 03:33:17'),
(105, 'Prof. Bart Adams', '2007-12-01', 1, 2, 648, '2024-03-19 03:33:17', '2024-03-19 03:33:17'),
(106, 'Ewell Dach III', '2007-11-07', 2, 4, 646, '2024-03-19 03:33:17', '2024-03-19 03:33:17'),
(107, 'Abe Kiehn', '2007-11-17', 1, 2, 645, '2024-03-19 03:33:17', '2024-03-19 03:33:17'),
(108, 'Lorenza Kozey', '2004-08-19', 2, 2, 538, '2024-03-19 03:33:17', '2024-03-19 03:33:17'),
(109, 'Jacquelyn Pouros', '2012-01-11', 1, 4, 639, '2024-03-19 03:33:17', '2024-03-19 03:33:17'),
(110, 'Mauricio Mraz IV', '2005-10-23', 3, 1, 403, '2024-03-19 03:33:17', '2024-03-19 03:33:17'),
(111, 'Dr. Loy Roberts', '2012-07-20', 1, 5, 210, '2024-03-19 03:33:17', '2024-03-19 03:33:17'),
(112, 'Coralie Rohan', '2007-01-09', 1, 4, 493, '2024-03-19 03:33:17', '2024-03-19 03:33:17'),
(113, 'Kaela Wyman MD', '2013-07-17', 2, 2, 539, '2024-03-19 03:33:17', '2024-03-19 03:33:17'),
(114, 'Misty Greenholt', '2004-11-15', 4, 5, 849, '2024-03-19 03:33:17', '2024-03-19 03:33:17'),
(115, 'Jonas Donnelly', '2007-01-02', 1, 6, 408, '2024-03-19 03:33:17', '2024-03-19 03:33:17'),
(116, 'Corine Mertz', '2005-01-28', 2, 5, 291, '2024-03-19 03:33:17', '2024-03-19 03:33:17'),
(117, 'Bill Halvorson', '2011-08-09', 2, 3, 169, '2024-03-19 03:33:17', '2024-03-19 03:33:17'),
(118, 'Brianne Sauer', '2010-01-22', 3, 1, 819, '2024-03-19 03:33:17', '2024-03-19 03:33:17'),
(119, 'Janis Lowe', '2005-02-22', 2, 1, 305, '2024-03-19 03:33:17', '2024-03-19 03:33:17'),
(120, 'Prof. Rachael Doyle', '2013-04-03', 2, 3, 838, '2024-03-19 03:33:17', '2024-03-19 03:33:17'),
(121, 'Flo Streich', '2005-08-01', 4, 5, 795, '2024-03-19 03:33:17', '2024-03-19 03:33:17'),
(122, 'Earnest Treutel', '2009-03-10', 4, 4, 631, '2024-03-19 03:33:17', '2024-03-19 03:33:17'),
(123, 'Alexanne Schoen', '2011-10-15', 2, 5, 997, '2024-03-19 03:33:17', '2024-03-19 03:33:17'),
(124, 'Marquis Mraz', '2011-03-05', 4, 6, 293, '2024-03-19 03:33:17', '2024-03-19 03:33:17'),
(125, 'Mr. Brook Gulgowski', '2006-01-27', 3, 4, 114, '2024-03-19 03:33:17', '2024-03-19 03:33:17'),
(126, 'Delilah Kiehn', '2005-10-11', 3, 2, 734, '2024-03-19 03:33:17', '2024-03-19 03:33:17'),
(127, 'Hailey Witting Sr.', '2010-03-22', 1, 4, 513, '2024-03-19 03:33:17', '2024-03-19 03:33:17'),
(128, 'Allie Wunsch', '2005-10-29', 3, 4, 533, '2024-03-19 03:33:17', '2024-03-19 03:33:17'),
(129, 'Prof. Hester Padberg DDS', '2006-05-16', 1, 5, 283, '2024-03-19 03:33:17', '2024-03-19 03:33:17'),
(130, 'Prof. Lucie Turcotte III', '2012-06-25', 4, 4, 134, '2024-03-19 03:33:17', '2024-03-19 03:33:17'),
(131, 'Meagan Jast', '2010-09-09', 1, 4, 911, '2024-03-19 03:33:17', '2024-03-19 03:33:17'),
(132, 'Mrs. Madeline Jacobi', '2013-04-17', 1, 1, 365, '2024-03-19 03:33:17', '2024-03-19 03:33:17'),
(133, 'Dee Lemke', '2006-06-07', 3, 5, 277, '2024-03-19 03:33:17', '2024-03-19 03:33:17'),
(134, 'Miss Lilyan Ullrich', '2011-07-07', 1, 2, 420, '2024-03-19 03:33:17', '2024-03-19 03:33:17'),
(135, 'Newell Greenholt I', '2008-03-23', 3, 2, 367, '2024-03-19 03:33:17', '2024-03-19 03:33:17'),
(136, 'Elissa Larson', '2004-04-18', 4, 5, 861, '2024-03-19 03:33:17', '2024-03-19 03:33:17'),
(137, 'Amelie Schmeler', '2011-06-08', 2, 5, 621, '2024-03-19 03:33:17', '2024-03-19 03:33:17'),
(138, 'Thelma Sauer', '2008-01-19', 1, 3, 749, '2024-03-19 03:33:17', '2024-03-19 03:33:17'),
(139, 'Amari Ankunding', '2006-05-13', 2, 5, 583, '2024-03-19 03:33:17', '2024-03-19 03:33:17'),
(140, 'Lexie Hintz', '2004-10-04', 1, 2, 790, '2024-03-19 03:33:17', '2024-03-19 03:33:17'),
(141, 'Niko Daugherty MD', '2004-12-04', 2, 2, 359, '2024-03-19 03:33:17', '2024-03-19 03:33:17'),
(142, 'Miss Casandra Huels II', '2010-01-19', 1, 6, 723, '2024-03-19 03:33:17', '2024-03-19 03:33:17'),
(143, 'Lottie Ebert', '2014-01-16', 1, 2, 113, '2024-03-19 03:33:17', '2024-03-19 03:33:17'),
(144, 'Kian Metz', '2005-10-15', 4, 5, 867, '2024-03-19 03:33:17', '2024-03-19 03:33:17'),
(145, 'Madisyn Nienow', '2005-08-09', 4, 5, 317, '2024-03-19 03:33:17', '2024-03-19 03:33:17'),
(146, 'Ozella Lind', '2012-04-24', 1, 3, 381, '2024-03-19 03:33:17', '2024-03-19 03:33:17'),
(147, 'Zackery Carroll', '2006-04-22', 2, 1, 728, '2024-03-19 03:33:17', '2024-03-19 03:33:17'),
(148, 'Lindsey Jones', '2004-09-02', 4, 1, 596, '2024-03-19 03:33:17', '2024-03-19 03:33:17'),
(149, 'Carter Orn', '2013-11-24', 4, 3, 553, '2024-03-19 03:33:17', '2024-03-19 03:33:17'),
(150, 'Berta Haley', '2013-05-21', 1, 6, 864, '2024-03-19 03:33:17', '2024-03-19 03:33:17'),
(151, 'Deja Senger DDS', '2013-06-09', 1, 2, 787, '2024-03-19 03:33:17', '2024-03-19 03:33:17'),
(152, 'Oleta Stehr', '2006-09-06', 2, 2, 270, '2024-03-19 03:33:17', '2024-03-19 03:33:17'),
(153, 'Ewald Hessel', '2008-09-08', 1, 6, 898, '2024-03-19 03:33:17', '2024-03-19 03:33:17'),
(154, 'Sydni Schimmel', '2012-11-28', 4, 4, 671, '2024-03-19 03:33:17', '2024-03-19 03:33:17'),
(155, 'Alfredo Connelly', '2007-12-02', 2, 3, 472, '2024-03-19 03:33:17', '2024-03-19 03:33:17'),
(156, 'Daniella Heidenreich', '2009-04-26', 1, 1, 744, '2024-03-19 03:33:17', '2024-03-19 03:33:17'),
(157, 'Jesus Wilderman', '2010-11-27', 3, 6, 716, '2024-03-19 03:33:17', '2024-03-19 03:33:17'),
(158, 'Angie Macejkovic', '2012-06-29', 2, 6, 147, '2024-03-19 03:33:17', '2024-03-19 03:33:17'),
(159, 'Darien Spinka', '2007-04-21', 2, 4, 112, '2024-03-19 03:33:17', '2024-03-19 03:33:17'),
(160, 'Sylvia Gislason', '2011-01-24', 1, 6, 248, '2024-03-19 03:33:17', '2024-03-19 03:33:17'),
(161, 'Madge Quigley', '2008-03-14', 4, 2, 191, '2024-03-19 03:33:17', '2024-03-19 03:33:17'),
(162, 'Winfield Bergstrom', '2007-02-12', 4, 5, 315, '2024-03-19 03:33:17', '2024-03-19 03:33:17'),
(163, 'Ivy Gislason II', '2012-03-29', 4, 3, 355, '2024-03-19 03:33:17', '2024-03-19 03:33:17'),
(164, 'Chadrick Bahringer', '2008-09-30', 2, 6, 917, '2024-03-19 03:33:17', '2024-03-19 03:33:17'),
(165, 'Dr. Brennon Armstrong', '2012-08-28', 3, 5, 703, '2024-03-19 03:33:17', '2024-03-19 03:33:17'),
(166, 'Agustin Rice', '2006-03-16', 4, 6, 297, '2024-03-19 03:33:17', '2024-03-19 03:33:17'),
(167, 'Mr. Cade Hilpert', '2010-10-12', 3, 1, 247, '2024-03-19 03:33:17', '2024-03-19 03:33:17'),
(168, 'Braulio Rohan', '2009-03-14', 4, 4, 463, '2024-03-19 03:33:17', '2024-03-19 03:33:17'),
(169, 'Gilbert Zemlak', '2004-11-11', 2, 5, 163, '2024-03-19 03:33:17', '2024-03-19 03:33:17'),
(170, 'Abigayle Heller', '2008-04-10', 1, 6, 543, '2024-03-19 03:33:17', '2024-03-19 03:33:17'),
(171, 'Jerad Anderson', '2006-12-06', 1, 4, 252, '2024-03-19 03:33:17', '2024-03-19 03:33:17'),
(172, 'Bradly Kilback Jr.', '2011-08-25', 4, 3, 773, '2024-03-19 03:33:17', '2024-03-19 03:33:17'),
(173, 'Shanon Gorczany DDS', '2011-12-10', 2, 5, 816, '2024-03-19 03:33:17', '2024-03-19 03:33:17'),
(174, 'Malachi Rath', '2011-09-14', 1, 1, 955, '2024-03-19 03:33:17', '2024-03-19 03:33:17'),
(175, 'Prof. Herbert Barton', '2004-07-09', 4, 6, 446, '2024-03-19 03:33:17', '2024-03-19 03:33:17'),
(176, 'Prof. Jorge Romaguera V', '2010-10-11', 4, 2, 277, '2024-03-19 03:33:17', '2024-03-19 03:33:17'),
(177, 'Camren Rodriguez', '2012-03-24', 1, 5, 239, '2024-03-19 03:33:17', '2024-03-19 03:33:17'),
(178, 'Ellie McClure', '2012-08-03', 1, 6, 818, '2024-03-19 03:33:17', '2024-03-19 03:33:17'),
(179, 'Miss Isabelle O\'Hara Jr.', '2014-02-10', 1, 4, 942, '2024-03-19 03:33:17', '2024-03-19 03:33:17'),
(180, 'Dr. Ahmad Okuneva IV', '2004-06-29', 3, 4, 399, '2024-03-19 03:33:17', '2024-03-19 03:33:17'),
(181, 'Prof. Sidney Beier', '2010-08-22', 3, 5, 484, '2024-03-19 03:33:17', '2024-03-19 03:33:17'),
(182, 'Kristin Ferry DDS', '2011-01-11', 3, 6, 232, '2024-03-19 03:33:17', '2024-03-19 03:33:17'),
(183, 'Eda Denesik V', '2011-02-21', 4, 6, 391, '2024-03-19 03:33:17', '2024-03-19 03:33:17'),
(184, 'Nasir Oberbrunner DVM', '2007-12-14', 2, 2, 766, '2024-03-19 03:33:17', '2024-03-19 03:33:17'),
(185, 'Isabella Berge', '2011-01-26', 1, 3, 956, '2024-03-19 03:33:17', '2024-03-19 03:33:17'),
(186, 'Briana Cormier DDS', '2006-12-12', 3, 3, 386, '2024-03-19 03:33:17', '2024-03-19 03:33:17'),
(187, 'Prof. Trenton McDermott', '2011-08-16', 1, 4, 750, '2024-03-19 03:33:17', '2024-03-19 03:33:17'),
(188, 'Sylvester McClure PhD', '2005-09-02', 3, 3, 158, '2024-03-19 03:33:17', '2024-03-19 03:33:17'),
(189, 'Korbin Medhurst', '2007-08-03', 2, 5, 441, '2024-03-19 03:33:17', '2024-03-19 03:33:17'),
(190, 'Barton Volkman', '2007-06-22', 1, 1, 106, '2024-03-19 03:33:17', '2024-03-19 03:33:17'),
(191, 'Jazlyn Leffler III', '2012-10-09', 1, 2, 871, '2024-03-19 03:33:17', '2024-03-19 03:33:17'),
(192, 'Lawson Adams Jr.', '2011-11-16', 1, 5, 913, '2024-03-19 03:33:17', '2024-03-19 03:33:17'),
(193, 'Dr. Candida Heaney', '2005-04-19', 1, 2, 357, '2024-03-19 03:33:17', '2024-03-19 03:33:17'),
(194, 'Sterling Moore DVM', '2012-11-20', 3, 5, 430, '2024-03-19 03:33:17', '2024-03-19 03:33:17'),
(195, 'Justus Hamill Sr.', '2008-03-10', 3, 2, 447, '2024-03-19 03:33:17', '2024-03-19 03:33:17'),
(196, 'Cecelia Beahan', '2006-07-30', 3, 6, 317, '2024-03-19 03:33:17', '2024-03-19 03:33:17'),
(197, 'Kaycee Brekke', '2008-02-11', 3, 2, 602, '2024-03-19 03:33:17', '2024-03-19 03:33:17'),
(198, 'Marlon Champlin PhD', '2013-01-13', 3, 6, 152, '2024-03-19 03:33:17', '2024-03-19 03:33:17'),
(199, 'Prof. Talon Herman V', '2013-05-11', 4, 1, 902, '2024-03-19 03:33:17', '2024-03-19 03:33:17'),
(200, 'Lillian Beatty', '2004-04-27', 4, 5, 136, '2024-03-19 03:33:17', '2024-03-19 03:33:17'),
(201, 'Zakary Franecki', '2006-04-26', 3, 5, 470, '2024-03-19 03:33:17', '2024-03-19 03:33:17'),
(202, 'Jake Mitchell', '2008-12-07', 2, 3, 220, '2024-03-19 03:33:17', '2024-03-19 03:33:17'),
(203, 'Sallie Johns', '2013-09-04', 2, 4, 769, '2024-03-19 03:33:17', '2024-03-19 03:33:17'),
(204, 'Dr. Milan Dickens III', '2007-02-08', 2, 4, 890, '2024-03-19 03:33:17', '2024-03-19 03:33:17'),
(205, 'Ms. Mattie Conroy', '2007-07-22', 3, 1, 670, '2024-03-19 03:33:17', '2024-03-19 03:33:17'),
(206, 'Christelle Jast', '2010-01-29', 2, 3, 250, '2024-03-19 03:33:17', '2024-03-19 03:33:17'),
(207, 'Dr. Shania Kreiger', '2011-01-04', 4, 3, 150, '2024-03-19 03:33:17', '2024-03-19 03:33:17'),
(208, 'Hipolito Buckridge IV', '2008-08-31', 2, 6, 478, '2024-03-19 03:33:17', '2024-03-19 03:33:17'),
(209, 'Delphine Auer', '2012-08-28', 3, 5, 782, '2024-03-19 03:33:17', '2024-03-19 03:33:17'),
(210, 'Mrs. Jennyfer Frami PhD', '2013-05-11', 4, 3, 851, '2024-03-19 03:33:17', '2024-03-19 03:33:17'),
(211, 'Jacques Mosciski', '2009-07-29', 1, 4, 282, '2024-03-19 03:33:17', '2024-03-19 03:33:17'),
(212, 'Leslie Jacobs MD', '2006-05-23', 4, 3, 885, '2024-03-19 03:33:17', '2024-03-19 03:33:17'),
(213, 'Melyna Rosenbaum', '2007-03-24', 3, 5, 808, '2024-03-19 03:33:17', '2024-03-19 03:33:17'),
(214, 'Ms. Daniella Barrows', '2010-04-23', 3, 2, 766, '2024-03-19 03:33:17', '2024-03-19 03:33:17'),
(215, 'Sunny Kuhic', '2011-06-28', 1, 3, 600, '2024-03-19 03:33:17', '2024-03-19 03:33:17'),
(216, 'Makenna Bechtelar', '2005-06-26', 1, 6, 345, '2024-03-19 03:33:17', '2024-03-19 03:33:17'),
(217, 'Duncan Abbott', '2007-07-26', 4, 4, 536, '2024-03-19 03:33:17', '2024-03-19 03:33:17'),
(218, 'Wayne Collins', '2012-08-07', 4, 6, 878, '2024-03-19 03:33:17', '2024-03-19 03:33:17'),
(219, 'Seth Kohler', '2006-09-04', 3, 5, 249, '2024-03-19 03:33:17', '2024-03-19 03:33:17'),
(220, 'Leon Kertzmann', '2006-05-09', 2, 2, 167, '2024-03-19 03:33:17', '2024-03-19 03:33:17'),
(221, 'Mrs. Germaine Smith II', '2006-09-27', 3, 4, 508, '2024-03-19 03:33:17', '2024-03-19 03:33:17'),
(222, 'Bell Purdy', '2005-05-31', 1, 4, 288, '2024-03-19 03:33:17', '2024-03-19 03:33:17'),
(223, 'Asa Gibson', '2007-11-20', 2, 2, 811, '2024-03-19 03:33:17', '2024-03-19 03:33:17'),
(224, 'Eleonore Davis', '2012-06-28', 2, 5, 147, '2024-03-19 03:33:17', '2024-03-19 03:33:17'),
(225, 'Aleen Abbott', '2004-08-29', 2, 4, 908, '2024-03-19 03:33:17', '2024-03-19 03:33:17'),
(226, 'Jorge Gulgowski PhD', '2011-05-24', 1, 4, 315, '2024-03-19 03:33:17', '2024-03-19 03:33:17'),
(227, 'Madison Glover', '2004-06-24', 3, 4, 891, '2024-03-19 03:33:17', '2024-03-19 03:33:17'),
(228, 'Miss Jailyn Bernhard', '2006-07-31', 1, 5, 586, '2024-03-19 03:33:17', '2024-03-19 03:33:17'),
(229, 'Carlos Schinner', '2006-09-07', 2, 5, 313, '2024-03-19 03:33:17', '2024-03-19 03:33:17'),
(230, 'Miss Imogene Batz IV', '2008-09-20', 4, 6, 701, '2024-03-19 03:33:17', '2024-03-19 03:33:17'),
(231, 'Robyn Feeney', '2008-12-03', 1, 3, 201, '2024-03-19 03:33:17', '2024-03-19 03:33:17'),
(232, 'Monserrate Monahan', '2005-01-23', 4, 3, 517, '2024-03-19 03:33:17', '2024-03-19 03:33:17'),
(233, 'Dr. Keely Koepp II', '2011-09-21', 1, 5, 694, '2024-03-19 03:33:17', '2024-03-19 03:33:17'),
(234, 'Carli Kuhn', '2007-03-14', 2, 4, 463, '2024-03-19 03:33:17', '2024-03-19 03:33:17'),
(235, 'Lupe Gutmann', '2006-09-11', 3, 3, 410, '2024-03-19 03:33:17', '2024-03-19 03:33:17'),
(236, 'Mr. Rudy Gulgowski V', '2006-03-03', 1, 2, 758, '2024-03-19 03:33:17', '2024-03-19 03:33:17'),
(237, 'Eduardo Harvey Sr.', '2012-11-13', 3, 6, 630, '2024-03-19 03:33:17', '2024-03-19 03:33:17'),
(238, 'Watson Crist', '2004-05-26', 1, 6, 105, '2024-03-19 03:33:17', '2024-03-19 03:33:17'),
(239, 'Prof. Christa Schuster', '2006-03-27', 4, 5, 310, '2024-03-19 03:33:17', '2024-03-19 03:33:17'),
(240, 'Mrs. Judy Cole', '2005-10-10', 4, 3, 326, '2024-03-19 03:33:17', '2024-03-19 03:33:17'),
(241, 'Mr. Walker Jenkins Sr.', '2006-06-11', 3, 5, 241, '2024-03-19 03:33:17', '2024-03-19 03:33:17'),
(242, 'Dr. Thurman Moore', '2012-05-22', 2, 3, 801, '2024-03-19 03:33:17', '2024-03-19 03:33:17'),
(243, 'Gilbert Ernser', '2006-01-31', 4, 4, 193, '2024-03-19 03:33:17', '2024-03-19 03:33:17'),
(244, 'Miss Nicole Grady', '2009-03-20', 1, 5, 991, '2024-03-19 03:33:17', '2024-03-19 03:33:17'),
(245, 'Roberto Kuhlman', '2004-11-22', 4, 5, 239, '2024-03-19 03:33:17', '2024-03-19 03:33:17'),
(246, 'Abelardo Dickens', '2010-09-28', 3, 1, 231, '2024-03-19 03:33:17', '2024-03-19 03:33:17'),
(247, 'Noemie Franecki III', '2011-09-04', 2, 5, 480, '2024-03-19 03:33:17', '2024-03-19 03:33:17'),
(248, 'Sophie Walter V', '2006-11-21', 3, 5, 434, '2024-03-19 03:33:17', '2024-03-19 03:33:17'),
(249, 'Cathryn Hermiston', '2012-11-03', 4, 5, 801, '2024-03-19 03:33:17', '2024-03-19 03:33:17'),
(250, 'Mr. Malcolm Watsica', '2011-06-30', 1, 6, 692, '2024-03-19 03:33:17', '2024-03-19 03:33:17'),
(251, 'Prof. Donny Simonis', '2013-11-21', 2, 5, 417, '2024-03-19 03:33:17', '2024-03-19 03:33:17'),
(252, 'Mark Yundt', '2010-03-14', 1, 6, 574, '2024-03-19 03:33:17', '2024-03-19 03:33:17'),
(253, 'Dave Bergstrom', '2010-10-14', 4, 3, 528, '2024-03-19 03:33:17', '2024-03-19 03:33:17'),
(254, 'Edwin D\'Amore', '2008-06-25', 1, 4, 941, '2024-03-19 03:33:17', '2024-03-19 03:33:17'),
(255, 'Miss Marielle Toy Sr.', '2007-04-28', 3, 3, 313, '2024-03-19 03:33:17', '2024-03-19 03:33:17'),
(256, 'Alec Gleason', '2014-03-03', 4, 3, 761, '2024-03-19 03:33:17', '2024-03-19 03:33:17'),
(257, 'Mrs. Eve Spencer PhD', '2008-03-28', 2, 3, 550, '2024-03-19 03:33:17', '2024-03-19 03:33:17'),
(258, 'Mr. Torrance Collier V', '2009-04-11', 4, 3, 686, '2024-03-19 03:33:17', '2024-03-19 03:33:17'),
(259, 'Manuel Vandervort', '2012-06-23', 3, 3, 717, '2024-03-19 03:33:17', '2024-03-19 03:33:17'),
(260, 'Andreane Blick', '2011-06-22', 2, 6, 819, '2024-03-19 03:33:17', '2024-03-19 03:33:17'),
(261, 'Mr. Carleton Krajcik Jr.', '2006-10-12', 3, 2, 621, '2024-03-19 03:33:17', '2024-03-19 03:33:17'),
(262, 'Kellie Kulas', '2011-06-24', 2, 4, 223, '2024-03-19 03:33:17', '2024-03-19 03:33:17'),
(263, 'Sammy Hand', '2009-03-06', 3, 6, 903, '2024-03-19 03:33:17', '2024-03-19 03:33:17'),
(264, 'Ms. Cynthia Friesen I', '2013-05-28', 2, 5, 447, '2024-03-19 03:33:17', '2024-03-19 03:33:17'),
(265, 'Miss Lizzie Stracke', '2008-01-22', 3, 2, 751, '2024-03-19 03:33:17', '2024-03-19 03:33:17'),
(266, 'Dejah Wiegand', '2011-07-11', 3, 4, 332, '2024-03-19 03:33:17', '2024-03-19 03:33:17'),
(267, 'Cletus Jacobson', '2008-05-07', 3, 4, 772, '2024-03-19 03:33:17', '2024-03-19 03:33:17'),
(268, 'Dena Halvorson', '2010-09-22', 3, 5, 417, '2024-03-19 03:33:17', '2024-03-19 03:33:17'),
(269, 'Nolan Kuhn', '2012-04-12', 1, 1, 203, '2024-03-19 03:33:17', '2024-03-19 03:33:17'),
(270, 'Felicity Lehner Sr.', '2006-07-11', 3, 2, 521, '2024-03-19 03:33:17', '2024-03-19 03:33:17'),
(271, 'Dr. Rudolph Gislason IV', '2005-02-17', 4, 1, 733, '2024-03-19 03:33:17', '2024-03-19 03:33:17'),
(272, 'Maeve Harvey', '2009-04-13', 1, 2, 642, '2024-03-19 03:33:17', '2024-03-19 03:33:17'),
(273, 'Mabel Rogahn Jr.', '2009-09-20', 1, 4, 633, '2024-03-19 03:33:17', '2024-03-19 03:33:17'),
(274, 'Sharon Johns Sr.', '2006-05-19', 1, 5, 519, '2024-03-19 03:33:17', '2024-03-19 03:33:17'),
(275, 'Roxane O\'Hara', '2005-10-17', 3, 6, 332, '2024-03-19 03:33:17', '2024-03-19 03:33:17'),
(276, 'Ms. Kaitlyn Watsica MD', '2005-03-01', 3, 2, 676, '2024-03-19 03:33:17', '2024-03-19 03:33:17'),
(277, 'Shad Roob', '2005-07-21', 4, 5, 765, '2024-03-19 03:33:17', '2024-03-19 03:33:17'),
(278, 'Eriberto Feeney', '2006-06-25', 2, 5, 163, '2024-03-19 03:33:17', '2024-03-19 03:33:17'),
(279, 'Ms. Myra DuBuque II', '2007-03-20', 3, 4, 176, '2024-03-19 03:33:17', '2024-03-19 03:33:17'),
(280, 'Darwin Dooley', '2005-11-07', 1, 4, 481, '2024-03-19 03:33:17', '2024-03-19 03:33:17'),
(281, 'Jason Boyer', '2011-12-20', 1, 1, 443, '2024-03-19 03:33:17', '2024-03-19 03:33:17'),
(282, 'Hector DuBuque', '2009-07-29', 4, 4, 541, '2024-03-19 03:33:17', '2024-03-19 03:33:17'),
(283, 'Darion Hamill', '2010-04-23', 2, 1, 939, '2024-03-19 03:33:17', '2024-03-19 03:33:17'),
(284, 'Miss Judy Ryan', '2006-02-17', 1, 1, 211, '2024-03-19 03:33:17', '2024-03-19 03:33:17'),
(285, 'Margaretta Ortiz', '2009-05-19', 3, 5, 609, '2024-03-19 03:33:17', '2024-03-19 03:33:17'),
(286, 'Dr. Cynthia Stanton MD', '2007-12-03', 2, 6, 708, '2024-03-19 03:33:17', '2024-03-19 03:33:17'),
(287, 'Mrs. Otha Hickle', '2013-01-06', 1, 5, 625, '2024-03-19 03:33:17', '2024-03-19 03:33:17'),
(288, 'Gust Rodriguez', '2009-03-03', 4, 6, 266, '2024-03-19 03:33:17', '2024-03-19 03:33:17'),
(289, 'Jonathon Feil', '2006-07-11', 4, 4, 895, '2024-03-19 03:33:17', '2024-03-19 03:33:17'),
(290, 'Maximillia Jaskolski', '2009-01-03', 3, 1, 758, '2024-03-19 03:33:17', '2024-03-19 03:33:17'),
(291, 'Prof. Gussie Brown', '2013-10-25', 4, 2, 224, '2024-03-19 03:33:17', '2024-03-19 03:33:17'),
(292, 'Amina Gutmann', '2012-10-25', 4, 3, 209, '2024-03-19 03:33:17', '2024-03-19 03:33:17'),
(293, 'Reanna Dach', '2007-10-11', 1, 3, 921, '2024-03-19 03:33:17', '2024-03-19 03:33:17'),
(294, 'Jonatan Gislason II', '2013-12-24', 4, 5, 800, '2024-03-19 03:33:17', '2024-03-19 03:33:17'),
(295, 'Cora Pouros', '2007-11-27', 2, 5, 809, '2024-03-19 03:33:17', '2024-03-19 03:33:17'),
(296, 'Kelli Schroeder', '2010-03-29', 2, 3, 649, '2024-03-19 03:33:17', '2024-03-19 03:33:17'),
(297, 'Rubye Weber', '2013-08-21', 2, 3, 424, '2024-03-19 03:33:17', '2024-03-19 03:33:17'),
(298, 'Dr. Norbert Wolf Jr.', '2008-02-09', 2, 2, 580, '2024-03-19 03:33:17', '2024-03-19 03:33:17'),
(299, 'Dr. Sylvan Lynch PhD', '2009-05-17', 2, 1, 397, '2024-03-19 03:33:17', '2024-03-19 03:33:17'),
(300, 'Jabari Thompson', '2006-01-16', 3, 2, 451, '2024-03-19 03:33:17', '2024-03-19 03:33:17'),
(301, 'Obie Schinner Jr.', '2009-03-31', 3, 4, 865, '2024-03-19 03:33:17', '2024-03-19 03:33:17'),
(302, 'Dina McGlynn PhD', '2008-02-07', 2, 4, 717, '2024-03-19 03:33:17', '2024-03-19 03:33:17'),
(303, 'Mertie Towne', '2011-09-28', 1, 5, 554, '2024-03-19 03:33:17', '2024-03-19 03:33:17'),
(304, 'Dr. Abner Leuschke', '2005-03-19', 2, 4, 675, '2024-03-19 03:33:17', '2024-03-19 03:33:17'),
(305, 'Hallie Labadie PhD', '2010-03-15', 4, 5, 596, '2024-03-19 03:33:17', '2024-03-19 03:33:17'),
(306, 'Matteo Sanford', '2012-04-27', 4, 5, 985, '2024-03-19 03:33:17', '2024-03-19 03:33:17'),
(307, 'Noemie Schroeder MD', '2007-07-04', 4, 4, 713, '2024-03-19 03:33:17', '2024-03-19 03:33:17'),
(308, 'Izabella Schumm', '2006-03-04', 4, 4, 118, '2024-03-19 03:33:17', '2024-03-19 03:33:17'),
(309, 'Mariah Wilderman', '2010-05-10', 1, 4, 356, '2024-03-19 03:33:17', '2024-03-19 03:33:17'),
(310, 'Kenna O\'Hara', '2010-10-13', 1, 1, 978, '2024-03-19 03:33:17', '2024-03-19 03:33:17'),
(311, 'Kaela Boyle', '2009-11-15', 1, 5, 460, '2024-03-19 03:33:17', '2024-03-19 03:33:17'),
(312, 'Whitney Waters', '2008-07-23', 1, 3, 197, '2024-03-19 03:33:17', '2024-03-19 03:33:17'),
(313, 'Alford Grady', '2013-05-24', 4, 5, 923, '2024-03-19 03:33:17', '2024-03-19 03:33:17'),
(314, 'Bertha Schinner Sr.', '2007-11-20', 1, 6, 177, '2024-03-19 03:33:17', '2024-03-19 03:33:17'),
(315, 'Michael Weber', '2008-10-28', 3, 5, 565, '2024-03-19 03:33:17', '2024-03-19 03:33:17'),
(316, 'Tressie Auer', '2012-04-08', 1, 3, 283, '2024-03-19 03:33:17', '2024-03-19 03:33:17'),
(317, 'Luigi Auer', '2007-04-28', 3, 4, 859, '2024-03-19 03:33:17', '2024-03-19 03:33:17'),
(318, 'Elliot Weimann', '2009-05-30', 2, 5, 441, '2024-03-19 03:33:17', '2024-03-19 03:33:17'),
(319, 'Dr. Julio Schmidt IV', '2011-03-26', 1, 6, 849, '2024-03-19 03:33:17', '2024-03-19 03:33:17'),
(320, 'Billie Pacocha', '2012-08-27', 3, 3, 403, '2024-03-19 03:33:17', '2024-03-19 03:33:17'),
(321, 'Kylie Ferry Sr.', '2007-04-08', 2, 4, 780, '2024-03-19 03:33:17', '2024-03-19 03:33:17'),
(322, 'Aiden Hettinger', '2012-11-18', 3, 2, 374, '2024-03-19 03:33:17', '2024-03-19 03:33:17'),
(323, 'Hal Hegmann Jr.', '2006-07-11', 3, 3, 723, '2024-03-19 03:33:17', '2024-03-19 03:33:17'),
(324, 'Dr. Marjory Wyman PhD', '2012-04-14', 1, 5, 285, '2024-03-19 03:33:17', '2024-03-19 03:33:17'),
(325, 'Berneice Ryan', '2014-02-25', 1, 2, 658, '2024-03-19 03:33:17', '2024-03-19 03:33:17'),
(326, 'Jean Wisozk', '2009-12-13', 4, 1, 629, '2024-03-19 03:33:17', '2024-03-19 03:33:17'),
(327, 'Ned Cummings', '2009-06-03', 4, 3, 466, '2024-03-19 03:33:17', '2024-03-19 03:33:17'),
(328, 'Mercedes Schuppe', '2009-05-06', 4, 1, 438, '2024-03-19 03:33:17', '2024-03-19 03:33:17'),
(329, 'Chelsea Brekke DVM', '2012-09-21', 3, 6, 738, '2024-03-19 03:33:17', '2024-03-19 03:33:17'),
(330, 'Evangeline Schaden', '2007-07-29', 1, 4, 175, '2024-03-19 03:33:17', '2024-03-19 03:33:17'),
(331, 'Richard Rohan', '2013-02-19', 1, 5, 153, '2024-03-19 03:33:17', '2024-03-19 03:33:17'),
(332, 'Bonnie Brakus', '2009-09-19', 3, 3, 432, '2024-03-19 03:33:17', '2024-03-19 03:33:17'),
(333, 'Retha Walter I', '2007-03-16', 1, 5, 123, '2024-03-19 03:33:17', '2024-03-19 03:33:17'),
(334, 'Newton Schneider DVM', '2013-05-26', 1, 3, 572, '2024-03-19 03:33:17', '2024-03-19 03:33:17'),
(335, 'Ewald Raynor', '2008-10-03', 1, 1, 224, '2024-03-19 03:33:17', '2024-03-19 03:33:17'),
(336, 'Abbey Schuppe', '2004-06-24', 1, 6, 185, '2024-03-19 03:33:17', '2024-03-19 03:33:17'),
(337, 'Nat Stanton', '2010-04-12', 3, 4, 590, '2024-03-19 03:33:17', '2024-03-19 03:33:17'),
(338, 'Novella Kling', '2010-12-16', 4, 1, 565, '2024-03-19 03:33:17', '2024-03-19 03:33:17'),
(339, 'Estelle Grant', '2005-08-14', 4, 6, 972, '2024-03-19 03:33:17', '2024-03-19 03:33:17'),
(340, 'Ms. Cecile Rohan III', '2012-04-01', 1, 5, 877, '2024-03-19 03:33:17', '2024-03-19 03:33:17'),
(341, 'Mr. Antwon Zieme', '2007-06-13', 3, 3, 719, '2024-03-19 03:33:17', '2024-03-19 03:33:17'),
(342, 'Ceasar Lubowitz', '2006-04-25', 3, 6, 127, '2024-03-19 03:33:17', '2024-03-19 03:33:17'),
(343, 'Queen Schmidt', '2011-05-16', 3, 6, 268, '2024-03-19 03:33:17', '2024-03-19 03:33:17'),
(344, 'Fern Schinner V', '2008-08-14', 3, 5, 232, '2024-03-19 03:33:17', '2024-03-19 03:33:17'),
(345, 'Erwin Ullrich', '2008-03-22', 4, 4, 769, '2024-03-19 03:33:17', '2024-03-19 03:33:17'),
(346, 'Leanne Lind', '2012-06-02', 4, 2, 275, '2024-03-19 03:33:17', '2024-03-19 03:33:17'),
(347, 'Amparo Nienow', '2011-09-03', 4, 4, 840, '2024-03-19 03:33:17', '2024-03-19 03:33:17'),
(348, 'Ophelia Bosco', '2005-06-16', 2, 1, 971, '2024-03-19 03:33:17', '2024-03-19 03:33:17'),
(349, 'Miss Aryanna Gottlieb III', '2006-12-17', 4, 4, 284, '2024-03-19 03:33:17', '2024-03-19 03:33:17'),
(350, 'Mrs. Jeanette Rowe', '2009-03-23', 4, 6, 678, '2024-03-19 03:33:17', '2024-03-19 03:33:17'),
(351, 'Alta Windler', '2012-03-12', 3, 3, 188, '2024-03-19 03:33:17', '2024-03-19 03:33:17'),
(352, 'Prof. Brycen Marks PhD', '2012-07-17', 1, 5, 197, '2024-03-19 03:33:17', '2024-03-19 03:33:17'),
(353, 'Dr. Ethel Tromp', '2007-02-15', 3, 3, 264, '2024-03-19 03:33:17', '2024-03-19 03:33:17'),
(354, 'Cyril Effertz', '2006-03-21', 4, 1, 454, '2024-03-19 03:33:17', '2024-03-19 03:33:17'),
(355, 'Mathilde Christiansen', '2005-11-27', 3, 1, 541, '2024-03-19 03:33:17', '2024-03-19 03:33:17'),
(356, 'Imogene Kiehn', '2010-08-11', 4, 5, 880, '2024-03-19 03:33:17', '2024-03-19 03:33:17'),
(357, 'Antonia Hermiston', '2009-03-20', 4, 5, 129, '2024-03-19 03:33:17', '2024-03-19 03:33:17'),
(358, 'Ms. Evalyn Carroll', '2008-09-15', 4, 3, 167, '2024-03-19 03:33:17', '2024-03-19 03:33:17'),
(359, 'Lenore Wilderman', '2010-04-24', 4, 4, 492, '2024-03-19 03:33:17', '2024-03-19 03:33:17'),
(360, 'Mr. Afton Gottlieb MD', '2006-03-13', 1, 1, 420, '2024-03-19 03:33:17', '2024-03-19 03:33:17'),
(361, 'Kellen Ernser', '2013-01-22', 2, 6, 634, '2024-03-19 03:33:17', '2024-03-19 03:33:17'),
(362, 'Winnifred Runolfsdottir', '2010-02-18', 3, 5, 719, '2024-03-19 03:33:17', '2024-03-19 03:33:17'),
(363, 'Lenny Beatty', '2013-05-20', 2, 2, 369, '2024-03-19 03:33:17', '2024-03-19 03:33:17'),
(364, 'Ernie Zboncak', '2012-11-09', 1, 2, 129, '2024-03-19 03:33:17', '2024-03-19 03:33:17'),
(365, 'Lilly Bahringer', '2012-04-02', 2, 4, 377, '2024-03-19 03:33:17', '2024-03-19 03:33:17'),
(366, 'Maximo Rowe', '2009-07-16', 3, 1, 785, '2024-03-19 03:33:17', '2024-03-19 03:33:17'),
(367, 'Mrs. Mathilde Greenfelder', '2007-02-09', 2, 6, 604, '2024-03-19 03:33:17', '2024-03-19 03:33:17'),
(368, 'Brad Gislason', '2008-03-08', 3, 1, 936, '2024-03-19 03:33:17', '2024-03-19 03:33:17'),
(369, 'Prof. Kara Brekke IV', '2008-07-30', 1, 6, 896, '2024-03-19 03:33:17', '2024-03-19 03:33:17'),
(370, 'Miss Adele Balistreri', '2004-07-13', 4, 3, 996, '2024-03-19 03:33:17', '2024-03-19 03:33:17'),
(371, 'Chelsea Kreiger III', '2005-11-21', 2, 5, 913, '2024-03-19 03:33:17', '2024-03-19 03:33:17'),
(372, 'Skyla Koch', '2008-11-17', 3, 1, 642, '2024-03-19 03:33:17', '2024-03-19 03:33:17'),
(373, 'Brook Rippin', '2010-10-27', 1, 1, 196, '2024-03-19 03:33:17', '2024-03-19 03:33:17'),
(374, 'Nina Legros', '2004-12-31', 1, 3, 473, '2024-03-19 03:33:17', '2024-03-19 03:33:17'),
(375, 'Wyatt Krajcik', '2004-05-12', 4, 2, 629, '2024-03-19 03:33:17', '2024-03-19 03:33:17'),
(376, 'Prof. Zula Bauch', '2006-11-28', 4, 3, 387, '2024-03-19 03:33:17', '2024-03-19 03:33:17'),
(377, 'Prof. Gust Beer', '2004-11-03', 1, 2, 153, '2024-03-19 03:33:17', '2024-03-19 03:33:17'),
(378, 'Dr. Arjun Welch', '2009-09-22', 3, 6, 772, '2024-03-19 03:33:17', '2024-03-19 03:33:17'),
(379, 'Emie Macejkovic', '2008-04-04', 1, 1, 651, '2024-03-19 03:33:17', '2024-03-19 03:33:17'),
(380, 'Robb King', '2009-04-08', 1, 3, 515, '2024-03-19 03:33:17', '2024-03-19 03:33:17'),
(381, 'Mrs. Josiane Gaylord', '2007-10-28', 2, 1, 890, '2024-03-19 03:33:17', '2024-03-19 03:33:17'),
(382, 'Prof. Darren Cole II', '2010-06-08', 1, 5, 971, '2024-03-19 03:33:17', '2024-03-19 03:33:17'),
(383, 'Rene Tillman Jr.', '2013-08-11', 2, 6, 913, '2024-03-19 03:33:17', '2024-03-19 03:33:17'),
(384, 'Dr. Delilah Jenkins', '2006-07-03', 4, 3, 341, '2024-03-19 03:33:17', '2024-03-19 03:33:17'),
(385, 'Kyra Steuber', '2006-04-03', 2, 3, 339, '2024-03-19 03:33:17', '2024-03-19 03:33:17'),
(386, 'Estrella Langworth', '2006-01-16', 4, 2, 925, '2024-03-19 03:33:17', '2024-03-19 03:33:17'),
(387, 'Ila Nader MD', '2005-09-10', 4, 4, 113, '2024-03-19 03:33:17', '2024-03-19 03:33:17'),
(388, 'Miss Maymie Ratke MD', '2010-06-21', 2, 1, 876, '2024-03-19 03:33:17', '2024-03-19 03:33:17'),
(389, 'Jermey Swift', '2006-11-27', 4, 5, 234, '2024-03-19 03:33:17', '2024-03-19 03:33:17'),
(390, 'Damien Witting', '2008-05-03', 2, 1, 256, '2024-03-19 03:33:17', '2024-03-19 03:33:17'),
(391, 'Lauryn Prosacco', '2010-01-22', 1, 3, 422, '2024-03-19 03:33:17', '2024-03-19 03:33:17'),
(392, 'Gabriel Stroman DVM', '2013-10-21', 1, 6, 366, '2024-03-19 03:33:17', '2024-03-19 03:33:17'),
(393, 'Sam Fay', '2008-01-11', 4, 1, 162, '2024-03-19 03:33:17', '2024-03-19 03:33:17'),
(394, 'Mr. Connor Fadel III', '2010-04-10', 4, 1, 709, '2024-03-19 03:33:17', '2024-03-19 03:33:17'),
(395, 'Lambert Bogisich', '2011-09-05', 3, 1, 371, '2024-03-19 03:33:17', '2024-03-19 03:33:17'),
(396, 'Dennis Aufderhar', '2005-08-08', 1, 3, 246, '2024-03-19 03:33:17', '2024-03-19 03:33:17'),
(397, 'Leanne Kling', '2013-07-15', 2, 3, 458, '2024-03-19 03:33:17', '2024-03-19 03:33:17'),
(398, 'Justus Murphy', '2008-03-01', 3, 1, 870, '2024-03-19 03:33:17', '2024-03-19 03:33:17'),
(399, 'Casandra Ritchie', '2009-01-14', 1, 6, 638, '2024-03-19 03:33:17', '2024-03-19 03:33:17'),
(400, 'Salvador McKenzie', '2009-09-25', 3, 1, 693, '2024-03-19 03:33:17', '2024-03-19 03:33:17'),
(401, 'Ariel Boyer MD', '2013-04-16', 3, 2, 943, '2024-03-19 03:33:17', '2024-03-19 03:33:17'),
(402, 'Zoey Gaylord', '2009-08-14', 1, 5, 164, '2024-03-19 03:33:17', '2024-03-19 03:33:17'),
(403, 'Mr. Demarcus Runolfsson MD', '2004-05-11', 4, 4, 984, '2024-03-19 03:33:17', '2024-03-19 03:33:17'),
(404, 'Stuart Predovic', '2006-02-23', 2, 2, 229, '2024-03-19 03:33:17', '2024-03-19 03:33:17'),
(405, 'Prof. Zula Bins', '2008-11-28', 4, 4, 180, '2024-03-19 03:33:17', '2024-03-19 03:33:17'),
(406, 'Mertie Blanda', '2011-07-11', 2, 5, 631, '2024-03-19 03:33:17', '2024-03-19 03:33:17'),
(407, 'Graham Williamson', '2007-07-24', 3, 1, 507, '2024-03-19 03:33:17', '2024-03-19 03:33:17'),
(408, 'Sydnee Tillman', '2008-08-13', 2, 2, 805, '2024-03-19 03:33:17', '2024-03-19 03:33:17'),
(409, 'Mr. Isom Mills MD', '2008-05-21', 4, 2, 399, '2024-03-19 03:33:17', '2024-03-19 03:33:17'),
(410, 'Savion Runolfsdottir', '2009-01-18', 4, 4, 180, '2024-03-19 03:33:17', '2024-03-19 03:33:17'),
(411, 'Walker Hahn', '2004-05-07', 3, 2, 422, '2024-03-19 03:33:17', '2024-03-19 03:33:17'),
(412, 'Hudson Rice', '2007-10-03', 3, 3, 493, '2024-03-19 03:33:17', '2024-03-19 03:33:17'),
(413, 'Isai Steuber', '2012-06-19', 4, 1, 863, '2024-03-19 03:33:17', '2024-03-19 03:33:17'),
(414, 'Solon Leannon', '2011-08-17', 3, 3, 144, '2024-03-19 03:33:17', '2024-03-19 03:33:17'),
(415, 'Korey Heaney', '2007-07-09', 3, 4, 726, '2024-03-19 03:33:17', '2024-03-19 03:33:17'),
(416, 'Mrs. Connie Upton', '2013-07-06', 2, 1, 246, '2024-03-19 03:33:17', '2024-03-19 03:33:17'),
(417, 'Kraig Torp', '2011-05-23', 4, 4, 403, '2024-03-19 03:33:17', '2024-03-19 03:33:17'),
(418, 'Keagan Mertz Sr.', '2014-02-07', 3, 4, 674, '2024-03-19 03:33:17', '2024-03-19 03:33:17'),
(419, 'Prof. Marie Armstrong', '2013-08-26', 3, 1, 792, '2024-03-19 03:33:17', '2024-03-19 03:33:17'),
(420, 'Kaylah Stroman', '2009-05-27', 3, 3, 241, '2024-03-19 03:33:17', '2024-03-19 03:33:17'),
(421, 'Mrs. Fleta Goyette', '2011-07-10', 2, 2, 492, '2024-03-19 03:33:17', '2024-03-19 03:33:17'),
(422, 'Mr. Jerrell Hermiston DVM', '2012-09-17', 1, 6, 787, '2024-03-19 03:33:17', '2024-03-19 03:33:17'),
(423, 'Alene Miller', '2009-09-12', 1, 1, 346, '2024-03-19 03:33:17', '2024-03-19 03:33:17'),
(424, 'Mr. Sage Mraz', '2012-05-02', 4, 2, 465, '2024-03-19 03:33:17', '2024-03-19 03:33:17'),
(425, 'Dewayne Ernser II', '2007-08-15', 1, 6, 917, '2024-03-19 03:33:17', '2024-03-19 03:33:17'),
(426, 'Jarret Swift', '2009-05-17', 4, 1, 470, '2024-03-19 03:33:17', '2024-03-19 03:33:17'),
(427, 'Dion Feest', '2011-06-18', 2, 2, 495, '2024-03-19 03:33:17', '2024-03-19 03:33:17'),
(428, 'Mekhi Schoen', '2013-01-22', 3, 4, 843, '2024-03-19 03:33:17', '2024-03-19 03:33:17'),
(429, 'Ms. Erna Tremblay V', '2013-10-18', 1, 4, 129, '2024-03-19 03:33:17', '2024-03-19 03:33:17'),
(430, 'Bettye Kris', '2007-06-24', 4, 5, 468, '2024-03-19 03:33:17', '2024-03-19 03:33:17'),
(431, 'Ed Carroll DDS', '2004-07-26', 2, 5, 475, '2024-03-19 03:33:17', '2024-03-19 03:33:17'),
(432, 'Horacio Ferry', '2007-01-03', 3, 5, 433, '2024-03-19 03:33:17', '2024-03-19 03:33:17'),
(433, 'Prof. Keith Weissnat', '2007-01-04', 3, 2, 330, '2024-03-19 03:33:17', '2024-03-19 03:33:17'),
(434, 'Valentine Ebert', '2011-04-17', 1, 2, 608, '2024-03-19 03:33:17', '2024-03-19 03:33:17'),
(435, 'Dr. Leonel Boehm III', '2012-12-15', 3, 4, 367, '2024-03-19 03:33:17', '2024-03-19 03:33:17'),
(436, 'Dr. Domenick Weissnat', '2012-06-13', 3, 5, 563, '2024-03-19 03:33:17', '2024-03-19 03:33:17'),
(437, 'Zander Bogan', '2010-11-18', 3, 3, 767, '2024-03-19 03:33:17', '2024-03-19 03:33:17'),
(438, 'Deanna Hudson', '2013-12-08', 1, 4, 285, '2024-03-19 03:33:17', '2024-03-19 03:33:17'),
(439, 'Alisa Bins', '2011-11-07', 1, 1, 961, '2024-03-19 03:33:17', '2024-03-19 03:33:17'),
(440, 'Velma McLaughlin', '2005-08-29', 2, 3, 389, '2024-03-19 03:33:17', '2024-03-19 03:33:17'),
(441, 'Liliane Smitham I', '2012-06-14', 1, 5, 146, '2024-03-19 03:33:17', '2024-03-19 03:33:17'),
(442, 'Prof. Dagmar Reichert V', '2008-08-19', 2, 4, 284, '2024-03-19 03:33:17', '2024-03-19 03:33:17'),
(443, 'Caterina Morar PhD', '2007-06-09', 1, 3, 840, '2024-03-19 03:33:17', '2024-03-19 03:33:17'),
(444, 'Alta Gottlieb', '2004-08-03', 4, 2, 578, '2024-03-19 03:33:17', '2024-03-19 03:33:17'),
(445, 'Jaycee Carter', '2009-11-17', 1, 4, 977, '2024-03-19 03:33:17', '2024-03-19 03:33:17'),
(446, 'Alayna Fisher', '2010-06-09', 3, 4, 322, '2024-03-19 03:33:17', '2024-03-19 03:33:17'),
(447, 'Misael Wisoky DVM', '2012-02-22', 3, 3, 624, '2024-03-19 03:33:17', '2024-03-19 03:33:17'),
(448, 'Stanford Koelpin', '2010-10-05', 1, 4, 874, '2024-03-19 03:33:17', '2024-03-19 03:33:17'),
(449, 'Miss Maeve Greenholt', '2005-05-26', 4, 2, 707, '2024-03-19 03:33:17', '2024-03-19 03:33:17'),
(450, 'Isaias Christiansen', '2013-11-22', 4, 6, 138, '2024-03-19 03:33:17', '2024-03-19 03:33:17');

--
-- Indexes for dumped tables
--

--
-- Indexes for table `batches`
--
ALTER TABLE `batches`
  ADD PRIMARY KEY (`id`);

--
-- Indexes for table `courses`
--
ALTER TABLE `courses`
  ADD PRIMARY KEY (`id`);

--
-- Indexes for table `enrollments`
--
ALTER TABLE `enrollments`
  ADD PRIMARY KEY (`id`);

--
-- Indexes for table `gender`
--
ALTER TABLE `gender`
  ADD PRIMARY KEY (`id`);

--
-- Indexes for table `modules`
--
ALTER TABLE `modules`
  ADD PRIMARY KEY (`id`);

--
-- Indexes for table `nationality`
--
ALTER TABLE `nationality`
  ADD PRIMARY KEY (`id`);

--
-- Indexes for table `students`
--
ALTER TABLE `students`
  ADD PRIMARY KEY (`id`),
  ADD KEY `gender_id` (`gender_id`),
  ADD KEY `nationality_id` (`nationality_id`);

--
-- AUTO_INCREMENT for dumped tables
--

--
-- AUTO_INCREMENT for table `batches`
--
ALTER TABLE `batches`
  MODIFY `id` bigint UNSIGNED NOT NULL AUTO_INCREMENT, AUTO_INCREMENT=11;

--
-- AUTO_INCREMENT for table `courses`
--
ALTER TABLE `courses`
  MODIFY `id` bigint UNSIGNED NOT NULL AUTO_INCREMENT, AUTO_INCREMENT=13;

--
-- AUTO_INCREMENT for table `enrollments`
--
ALTER TABLE `enrollments`
  MODIFY `id` bigint UNSIGNED NOT NULL AUTO_INCREMENT, AUTO_INCREMENT=5;

--
-- AUTO_INCREMENT for table `gender`
--
ALTER TABLE `gender`
  MODIFY `id` int NOT NULL AUTO_INCREMENT, AUTO_INCREMENT=5;

--
-- AUTO_INCREMENT for table `modules`
--
ALTER TABLE `modules`
  MODIFY `id` int NOT NULL AUTO_INCREMENT, AUTO_INCREMENT=14;

--
-- AUTO_INCREMENT for table `nationality`
--
ALTER TABLE `nationality`
  MODIFY `id` int NOT NULL AUTO_INCREMENT, AUTO_INCREMENT=7;

--
-- AUTO_INCREMENT for table `students`
--
ALTER TABLE `students`
  MODIFY `id` bigint UNSIGNED NOT NULL AUTO_INCREMENT, AUTO_INCREMENT=451;
COMMIT;

/*!40101 SET CHARACTER_SET_CLIENT=@OLD_CHARACTER_SET_CLIENT */;
/*!40101 SET CHARACTER_SET_RESULTS=@OLD_CHARACTER_SET_RESULTS */;
/*!40101 SET COLLATION_CONNECTION=@OLD_COLLATION_CONNECTION */;
